1,Atom_EA_Min
2,Atom_HardnessRB_StDiv
3,Atom_IP8_Min
4,Atom_Inv_Diff_IP2_IP4_StDiv
5,Atom_Inv_Diff_IP5_IP6_StDiv
6,Atom_Inv_Diff_IP7_IP8_StDiv
7,Atom_Inv_Mult_EA_ThermalExpansion_Range
8,Atom_Inv_Mult_ENGhosh2010_Group_Max
9,Atom_Inv_Mult_IP8_HeatCap_Median
10,Atom_Inv_Mult_IP8_LatticeConstant_StDiv
11,Atom_Inv_Mult_PoissonRatio_Ntotal_StDiv
12,Atom_Inv_Mult_SpeedSound_TDebye0_Min
13,Atom_Inv_Mult_SpeedSound_Zeff_Min
14,Atom_Inv_Mult_ThermalExpansion_Group_Min
15,Atom_Inv_Mult_ThermalExpansion_MolarVol_Median
16,Atom_Inv_Mult_dHAtom_Density_StDiv
17,Atom_Inv_Mult_dHFus_PoissonRatio_Min
18,Atom_Inv_SQR_RadiiBatsanov_Min
19,Atom_Log_Mult_IP1_MolarVol_Min
20,Atom_Log_Mult_IP1_MolarVol_Range
21,Atom_Log_Mult_IP8_LatticeConstant_Min
22,Atom_Log_Mult_PoissonRatio_Nvalence_Range
23,Atom_Log_Mult_dHFus_ThermalExpansion_Min
24,Atom_Log_Mult_dHVap_ThermalExpansion_Max
25,Atom_Log_Mult_dHVap_ThermalExpansion_Min
26,Atom_Log_Ratio_Density_BulkModule_Min
27,Atom_Log_Ratio_Density_Mass_StDiv
28,Atom_Log_Ratio_ENGhosh2010_Group_Min
29,Atom_Log_Ratio_IP1_IP8_Median
30,Atom_Log_Ratio_IP1_IP8_Min
31,Atom_Log_Ratio_IP4_EA_StDiv
32,Atom_Log_Ratio_IP5_IP6_Min
33,Atom_Log_Ratio_PoissonRatio_Ntotal_Range
34,Atom_Log_Ratio_RadiiCordero08_MolarVol_Max
35,Atom_Log_Ratio_SpeedSound_BulkModule_Min
36,Atom_Log_Ratio_dHFus_TDebye0_StDiv
37,Atom_MolarVol_Min
38,Atom_Mult_EA_DipolePolaris_StDiv
39,Atom_Mult_EA_YoungsModule_Median
40,Atom_Mult_EA_dHFus_StDiv
41,Atom_Mult_IP1_Period_StDiv
42,Atom_Mult_IP7_EA_Min
43,Atom_Mult_LatticeConstant_RadiiBatsanov_Min
44,Atom_Mult_ThermalCond_MolarVol_Mean
45,Atom_Mult_ThermalCond_MolarVol_Median
46,Atom_Mult_ThermalCond_YoungsModule_Min
47,Atom_Mult_ThermalExpansion_BulkModule_StDiv
48,Atom_Mult_ThermalExpansion_TDebye0_StDiv
49,Atom_Ratio_BulkModule_Nvalence_Max
50,Atom_Ratio_EA_ThermalExpansion_Max
51,Atom_Ratio_EA_ThermalExpansion_Median
52,Atom_Ratio_EA_ThermalExpansion_Min
53,Atom_Ratio_ENARrev_YoungsModule_StDiv
54,Atom_Ratio_IP1_TDebye0_Min
55,Atom_Ratio_IP7_MolarVol_StDiv
56,Atom_Ratio_dHFus_dHAtom_StDiv
57,Atom_Ratio_dHVap_YoungsModule_StDiv
58,CN_Se_Mean
59,CrystSyst_hexagonal
60,CrystSyst_trigonal
61,EState_DistTopo_Cd_ENGhosh2010
62,EState_DistTopo_Cd_IP3
63,EState_DistTopo_Si_ENARrev
64,EState_Dist_Cd_EA
65,EState_Dist_Cd_ENARrev
66,EState_Dist_Hf_EA
67,EState_Dist_Mo_ENARrev
68,EState_Dist_Ni_ENARrev
69,EState_Dist_Pd_EA
70,EState_Dist_Pd_ENARrev
71,EState_Dist_Ti_ENARrev
72,EState_Topo_Cd_ENARrev
73,EState_Topo_Cd_ENGhosh2010
74,EState_Topo_Cd_Zeff
75,EState_Topo_Cd_dHAtom
76,EState_Topo_In_IP3
77,EState_Topo_Mo_ENGhosh2010
78,EState_Topo_Mo_Zeff
79,EState_Topo_Pd_IP1
80,EState_Topo_Ti_Zeff
81,Moment_ENGhosh2010_2
82,Moment_Mass_1
83,Moment_N_d_2
84,Moment_N_f_2
85,Moment_N_f_3
86,Moment_PoissonRatio_3
87,Moment_TCritical_1
88,Moment_TCritical_2
89,Moment_TCurie_3
90,Moment_ThermalExpansion_1
91,Moment_ThermalExpansion_2
92,Moment_YoungsModule_2
93,Ratio_ac
94,Ratio_bc
95,SG164
98,Atom_Inv_Diff_ENARrev_ENGordyRev_Range
99,Atom_Inv_Diff_ENGordyRev_EA_StDiv
100,Atom_Inv_Diff_ENGordyRev_IP5_StDiv
101,Atom_Inv_Diff_ENGordyRev_IP6_StDiv
102,Atom_Inv_Mult_IP2_LatticeConstant_Min
103,Atom_Inv_Mult_SpeedSound_Zeff_Median
104,Atom_Log_Mult_ENGordyRev_IP6_Range
105,Atom_Log_Mult_IP7_Period_Range
106,Atom_Log_Mult_SpeedSound_RadiiCordero08_Median
107,Atom_Log_Ratio_IP2_IP3_StDiv
108,Atom_Log_Ratio_IP6_IP7_Max
109,Atom_Mult_EA_dHAtom_Max
110,Atom_Mult_EA_dHAtom_StDiv
111,Atom_Mult_IP8_SpeedSound_Min
112,Atom_Mult_IP8_SpeedSound_StDiv
113,Atom_Mult_LatticeConstant_Density_StDiv
114,Atom_Mult_ThermalCond_YoungsModule_StDiv
115,Atom_Ratio_Density_TDebye0_Min
116,Atom_Ratio_ENARrev_YoungsModule_Min
117,Atom_Ratio_dHFus_SpeedSound_StDiv
118,EState_Topo_Ni_Zeff
119,EState_Topo_Pd_Zeff
120,EState_Topo_Te_dHAtom
121,Moment_SpeedSound_1
122,Moment_TCurie_1
123,SG187
